<?xml version="1.0" encoding="utf-8"?>
<PDP Datum_aanmaak="2025-09-23T17:12:00" Aantal_notas="1">
<Begunstigde Agb-code_servicebureau="01120001" Naam_service_bureau="Infomedics B.V." Begunstigde="NotaCollect" Telefoonnummer="0365472297" E-mail_adres="info@infomedics.nl" Website="www.infomedics.nl" Bankrekening="NL34ABNA0243240058" KVK_Nummer="04048143" Bankrekeninghouder="Infomedics factoring B.V.">
<Adres Straat="Postbus" Huisnummer="60108" Toevoeging="" Postcode="1320AC" Plaats="Almere" Land="Nederland" />
<Notas>
<Nota Uniek_document_nr="2238362" Bundel_in_envelop_sleutel="1043456_443209_A59C82EB258AC86B0680E86724D37647809EFC9FD68CCA622EBDB358832AF7F2" Tracking_pixel_URL="https://t-api.infomedics.nl/TimInvoiceWebApi/api/InvoiceMail/GetImage?Hash=M2Q1YWRlN2QtYmI3Yi00MWU2LTg3OWUtN2VmYjdmZTY5YWE1" Betalingskenmerk="0161621419071" Dagtekening="2025-09-23" Uiterste_betaaldatum="2025-10-23" Type_nota="42" Bruto_totaalbedrag="64.31" BTW_totaalbedrag="5.31" Netto_totaalbedrag="59.00" Betaald_bedrag="0" Te_betalen_bedrag="64.31">
  <Debiteur Debiteurnummer="2741323" Opgemaakte_naam="D FRERIKS" Email_adres="test@infomedics.nl">
    <Adres Straat="VECOZOTESTSTREET" Huisnummer="16" Postcode="9999XA" Plaats="VECOZOTESTCITY" Land="Nederland" />
  </Debiteur>
  <Aanbieder Agb-code_zorgverlener="02802392" Praktijk_code="02241816" Naam="TA_Reserved_1_Pharmaceutical_Compleet" Logo_nr="0">
    <Adres Straat="DIEMERKADE" Huisnummer="1" Postcode="1111AA" Plaats="DIEMEN" Land="Nederland" Telefoonnummer="0031123456" />
  </Aanbieder>
  <Patienten>
    <Patient Opgemaakte_naam="B ARENDS" Geboortedatum="1959-04-01" Geslacht="M" Polisnummer="351" Verzekeraar="Testverzekeraar Zuid">
      <Prestaties>
        <Prestatie id="01616214190710000" Type="ap" subtype="service" Prestatiecodelijst="060" Machtigingsnummer="" Datum="2025-09-23" Prestatiecode="00000000000001" Omschrijving="Terhandstelling" Commentaar="" Aantal_uitgevoerde_prestaties="1" Toelichting_declaratiepost="00" Prestatiekoppelnummer="VOO05286200220224" GVS-bijdrage="0" Bedrag="10.90" Betaald_bedrag="0" BTW_bedrag="0.90" BTW_percentage="9">
                  </Prestatie>
        <Prestatie id="01616214190710001" Type="ap" subtype="product" Indicatie_bereiding="N" Prestatiecodelijst="001" Machtigingsnummer="" Voorschrijver="01024522" Instellingscode_voorschrijver="00000000" Datum="2025-09-23" Prestatiecode="00000017218454" Omschrijving="ALLOPURINOL ABZ TABLET 100MG" Commentaar="" Aantal_uitgevoerde_prestaties="360" Aflever_eenheid="ST" Toelichting_declaratiepost="00" Prestatiekoppelnummer="VOO05286200220224" GVS-bijdrage="0" Bedrag="53.41" Betaald_bedrag="0" BTW_bedrag="4.41" BTW_percentage="9">
                  </Prestatie>
      </Prestaties>
    </Patient>
  </Patienten>
</Nota></Notas>
</Begunstigde>
</PDP>
